{
    "train_loss": [
        0.8303321297461354,
        0.4387178257732796,
        0.3660049996401966,
        0.3181562579817132,
        0.29373122120477696,
        0.2751310645843312,
        0.2626418338530055,
        0.2418527205502166,
        0.20761070247297767,
        0.1988255080011211
    ],
    "train_acc": [
        77.95183842568618,
        87.20222682547903,
        88.83997928534438,
        90.03107198342828,
        90.7107716209218,
        91.14448472294148,
        91.68177110305541,
        92.03133091662352,
        93.06706369756603,
        93.59787674779906
    ],
    "val_loss": [
        1.0972328941149503,
        0.8297124462139339,
        0.7851589605642776,
        0.744808825878917,
        0.6572600342215836,
        0.6812001464865545,
        0.6771348245284491,
        0.684709405001677,
        0.6403137615757625,
        0.597132576810145
    ],
    "val_acc": [
        68.68495742667928,
        77.19962157048249,
        79.3440555029959,
        80.82623777988016,
        83.85367391989908,
        84.35824660990224,
        83.8221381267739,
        84.10596026490066,
        86.02964364553769,
        87.70104068117313
    ]
}